{"presets":{"Dolce":{"announcement_bar_background":"#f8f3f0","announcement_bar_text_color":"#5a3b21","pre_scroll_background":"#ffffff","pre_scroll_navigation":"#000000","pre_scroll_navigation_hover":"#000000","scroll_background":"#ffffff","scroll_navigation_color":"#000000","scroll_navigation_hover":"#000000","background":"#ffffff","header_color":"#000000","text_color":"#000000","link_color":"#000000","sale_color":"#c50000","dotted_color":"#e5e5e5","button_color":"#000000","button_hover":"#000000","button_text":"#ffffff","secondary_button_color":"#f8f3f0","secondary_button_hover":"#c2b6ac","secondary_button_text":"#000","new_background":"#ededed","new_color":"#535353","sale_icon_background":"#9d0000","sale_icon_color":"#ffffff","so_background":"#000000","so_color":"#ffffff","product_note_color":"#000000","product_note_background":"#f8f8f8","footer_border":"#dddddd","footer_background":"#ffffff","footer_text":"#000000","footer_link_color":"#000000","footer_icons_color":"#000000","footer_icons_hover":"#000000","footer_input":"#ffffff","footer_input_text":"#000000","footer_button":"#000000","footer_button_text":"#ffffff","font":"'Lato', sans-serif","headings_font":"'Open Sans', sans-serif","navigation_font":"'Montserrat', sans-serif","font-size":13,"h1-size":22,"h2-size":18,"h3-size":16,"h4-size":16,"h5":14,"nav_size":14,"heading_weight":"700","nav_weight":"400","section_title_border":1,"section_title_align":"center","breadcrumb":true,"image_flip":true,"vendor":false,"quickview":true,"show_payment_button":false,"details_align":"center","max-height":false,"desktop_image_height":"","tablet_image_height":"","mobile_image_height":"","cart_notes_enable":false,"ajax_cart_method":"drawer","twittername":"https:\/\/twitter.com\/undergrndmedia","facebook_url":"https:\/\/www.facebook.com\/ugmedia","pinterest_url":"","tumblr_url":"","youtube_url":"","googleplus_url":"","instagram-id":"","snapchat-id":"","weibo-id":"","popup":false,"email_image":"","favicon":"","show_multiple_currencies":false,"currency_format":"money_with_currency_format","supported_currencies":"INR GBP CAD AUD EUR JPY","default_currency":"USD","checkout_header_image":"","checkout_logo_image":"","checkout_logo_position":"left","checkout_logo_size":"medium","checkout_body_background_image":"","checkout_body_background_color":"#ffffff","checkout_input_background_color_mode":"white","checkout_sidebar_background_image":"","checkout_sidebar_background_color":"#fafafa","checkout_heading_font":"Helvetica Neue","checkout_body_font":"Helvetica Neue","checkout_accent_color":"#f8f3f0","checkout_button_color":"#5a3b21","checkout_error_color":"#ff6d6d","h5-size":"14px","h6-size":"14px","heading-transform":"none","link-decoration":"underline","navigation-transform":"none","email_popup_image":false,"main_nav":"main-menu","megadropdown_link":"","nav_promo_image":false,"nav_promo":"shopify:\/\/shop_images\/slide2_1a52b8ec-7d4f-4072-9e61-09036ce937cd.jpg","nav_promo_link":"\/collections\/all","mega_1_links":"","mega_2_links":"","mega_3_links":"","mega_4_links":"","mega_1_show":false,"mega_2_show":false,"mega_3_show":false,"mega_4_show":false,"pagelist":"","page-sidebar-title":"Sidebar title","show-map":false,"map":"","password_bg":"yes","show_twitter":true,"show_facebook":true,"show_pinterest":true,"show_tumblr":false,"show_youtube":false,"show_googleplus":false,"show_instagram":true,"show_snapchat":true,"show_weibo":false,"show_rss":true,"bg":"no_bg","background-position":"left top","background-repeat":"no-repeat","logo-color":"#000000","homepage-header-pre_scroll_background":"rgba(0,0,0,0)","homepage-header-background":"#ffffff","homepage-pre_scroll_navigation-color":"#000000","homepage-pre_scroll_navigation-color-hover":"#000000","homepage-navigation-color":"#000000","homepage-navigation-color-hover":"#000000","homepage-header-pre_scroll_background-ros":"#ffffff","homepage-header-background-ros":"#ffffff","homepage-pre_scroll_navigation-color-ros":"#000000","homepage-pre_scroll_navigation-color-hover-ros":"#000000","homepage-pre_scroll_navigation-active-ros":"#000000","homepage-navigation-color-ros":"#000000","homepage-navigation-color-hover-ros":"#000000","link_hover_color":"#000000","read-more-background":"#000000","read-more-hover-background":"#000000","read-more-link-color":"#ffffff","read-more-link-hover-color":"#ffffff","icons":"#000000","icons-hover":"#000000","prod-qv-background":"#000000","prod-qv-text":"#ffffff","prod-qv-background-hover":"#000000","prod-qv-text-hover":"#ffffff","footer_title_color":"#000000","footer_link_hover":"#000000","footer_icons_hover_color":"#000000","footer_button_hover":"#000000","footer_button_text_hover":"#ffffff","icon-font-size":"12px","footer_text_align":"left","footer_title_weight":"500","footer_title_transform":"uppercase","footer_title_size":"14px","promo_text_weight":"normal","promo_text_size":18,"announcement_text_size":12,"logo_size":20,"logo_transform":"uppercase","logo_weight":"700","dropdown-transform":"uppercase","dropdown-size":"13px","slide-title-size":22,"slide-title-weight":"700","caption-size":14,"cta_size":13,"cta_weight":"400","topbar_font":"'Helvetica Neue', Helvetica, Arial, sans-serif","logo-font":"'Helvetica Neue', Helvetica, Arial, sans-serif","icon-font":"'Helvetica Neue', Helvetica, Arial, sans-serif","slide-title-font":"'Roboto', sans-serif;","caption-font":"'Roboto', sans-serif;","parallax-font":"'Helvetica Neue', Helvetica, Arial, sans-serif","promo-font":"'Helvetica Neue', Helvetica, Arial, sans-serif","mailchimp":"","show-facebook-like":true,"show_product_sidebar":false,"enable-zoom":true,"thumbnails":"right","product-vendor":false,"show-sku":true,"product-note":"","checkout_use_header_image":false,"checkout_logo":"","checkout_use_body_background_image":false,"checkout_use_sidebar_background_image":false,"all-collections":"","products_per_row":"4","products_per_page":"24","show_collection_sidebar":false,"sticky-sidebar":false,"collection_links_1":false,"collection_side_1":"main-menu","collection_links_2":false,"collection_side_2":"","collection_links_3":false,"collection_side_3":"","collection_links_4":false,"collection_side_4":"","shop_by_designer":false,"shop_by_designer_title":"Shop by Designer","show-twitter-feed":"1","twitter-widget":"","sections":{"header":{"type":"header","settings":{"full_width_header":true,"header_cover":false,"header_border":false,"show_announcement_text":true,"announcement_text":"Add a message for your customers","announcement_text_size":12,"announcement_link":"","cart_position":"header","cart_icon":"cart","logo":"","logo_max_width":150,"logo_align":"center","logo_size":22,"logo_transform":"uppercase","logo_weight":"700","nav_style":"full","main_nav":"main-menu"}},"footer":{"type":"footer","blocks":{"1479846461263":{"type":"menu","settings":{"footer_nav":"footer","title":"Explore"}},"1479499878046":{"type":"newsletter","settings":{"title":"Connect"}},"1500907307864":{"type":"text","settings":{"title":"About","footer_text":"<p>Adding text to your footer helps introduce your business to new customers.<\/p>"}}},"block_order":["1479846461263","1500907307864","1479499878046"],"settings":{"footer_text_align":"left","footer_title_weight":"700","footer_title_transform":"uppercase","footer_title_size":14}},"1478800373635":{"type":"slideshow","blocks":{"1478800373635-0":{"type":"image","settings":{"image":"","heading":"Slide","subheading":"Tell your brand's story through images","slide_text_color":"#000000","link":"","button_text":"Add a button","cta_color":"#ffffff","caption_horizontal":"left","caption_background":"rgba(0,0,0,0)","caption_background_opacity":20}},"1478800373635-1":{"type":"image","settings":{"image":"","heading":"Slide","subheading":"Tell your brand's story through images","slide_text_color":"#000000","link":"","button_text":"Button","cta_color":"#ffffff","caption_horizontal":"left","caption_background":"rgba(0,0,0,0)","caption_background_opacity":20}}},"block_order":["1478800373635-0","1478800373635-1"],"settings":{"slideshow":"content","slider_speed":8,"slide_heading_weight":"700","cta_weight":"400"}},"1478800447615":{"type":"parallax-image","settings":{"image":"","page_height":500,"heading":"Image with text overlay","heading_font_size":26,"heading_font_weight":"700","heading_color":"#000000","subheading":"Use overlay text to give your customers insight into your brand. Select imagery and text that relates to your style and story.","subheading_font_size":16,"subheading_font_weight":"400","subheading_color":"#000","button_text":"Add a button","button_link":"","button_text_color":"#fff","button_color":"#000"}},"1478800534081":{"type":"instagram","settings":{"heading":"Follow us on Instagram","instagram_access_token":"","instagram_heading_color":"#000000","instagram_background_color":"#fff"}},"product-template":{"type":"product-template","settings":{"thumbnails":"left","enable_zoom":true,"show_vendor":false,"show_sku":true,"show_quantity_selector":true,"show_payment_button":false,"show_social_share":true,"product_note":""}},"blog-template":{"type":"blog-template","settings":{"image":"","text":"<p>Add some descriptive text to your all collections page.<\/p>"}},"1479856147659":{"type":"featured-blog","settings":{"blog":"","heading":"From the blog","heading_color":"#000","background_color":"#f6f6f6","post_limit":2}},"password-template":{"type":"password-template","settings":{"logo":""}},"mobile-navigation":{"type":"mobile-navigation","settings":{"main_nav":"main-menu"}},"1501009425332":{"type":"parallax-image","settings":{"image":"","page_height":500,"heading":"Image with text overlay","heading_font_size":26,"heading_font_weight":"700","heading_color":"#000","subheading":"Use overlay text to give your customers insight into your brand. Select imagery and text that relates to your style and story.","subheading_font_size":16,"subheading_font_weight":"400","subheading_color":"#000","button_text":"Add a button","button_link":"","button_text_color":"#fff","button_color":"#000"}},"1518209594527":{"type":"gallery","blocks":{"1518209594527-0":{"type":"image","settings":{"image":"","image_width":"33%","link":"","heading":"Our collections","heading_color":"#000000"}},"1518209594527-1":{"type":"image","settings":{"image":"","image_width":"33%","link":"","heading":"Our collections","heading_color":"#010000"}},"1518209594527-2":{"type":"image","settings":{"image":"","image_width":"33%","link":"","heading":"Our collections","heading_color":"#000000"}}},"block_order":["1518209594527-0","1518209594527-1","1518209594527-2"],"settings":{"promo_background_color":"#ffffff","promo_heading_weight":"light","promo_heading_size":24}},"1518209628906":{"type":"featured-collection","settings":{"heading":"Featured collection","heading_color":"#000","background_color":"#fff","collection":"","homepage_product_layout":"carousel","limit":6,"grid":4}}},"content_for_index":["1478800373635","1518209594527","1478800447615","1518209628906","1501009425332","1479856147659","1478800534081"]},"Christian":{"announcement_bar_background":"#f6f6f6","announcement_bar_text_color":"#000000","pre_scroll_background":"rgba(0,0,0,0)","pre_scroll_navigation":"#c2b592","pre_scroll_navigation_hover":"#a09167","scroll_background":"#ffffff","scroll_navigation_color":"#a09167","scroll_navigation_hover":"#c2b592","background":"#ffffff","header_color":"#000000","text_color":"#000000","link_color":"#000000","sale_color":"#c50000","dotted_color":"#e5e5e5","button_color":"#000000","button_hover":"#000000","button_text":"#ffffff","secondary_button_color":"#e3e3e3","secondary_button_hover":"#b5b5b5","secondary_button_text":"#000","new_background":"#000000","new_color":"#ffffff","sale_icon_background":"#9d0000","sale_icon_color":"#ffffff","so_background":"#000000","so_color":"#ffffff","product_note_color":"#000000","product_note_background":"#f8f8f8","footer_border":"#4a4a4a","footer_background":"#000000","footer_text":"#ffffff","footer_link_color":"#ebebeb","footer_icons_color":"#ffffff","footer_icons_hover":"#aaaaaa","footer_input":"#ffffff","footer_input_text":"#000000","footer_button":"#4a4a4a","footer_button_text":"#ffffff","font":"'Open Sans', sans-serif","headings_font":"'Montserrat', sans-serif","navigation_font":"'Montserrat', sans-serif","font-size":13,"h1-size":22,"h2-size":19,"h3-size":17,"h4-size":16,"h5":15,"nav_size":14,"heading_weight":"700","nav_weight":"400","section_title_border":0,"section_title_align":"center","breadcrumb":true,"image_flip":true,"vendor":true,"quickview":true,"show_payment_button":false,"details_align":"center","max-height":false,"desktop_image_height":"","tablet_image_height":"","mobile_image_height":"","cart_notes_enable":false,"ajax_cart_method":"drawer","twittername":"https:\/\/twitter.com\/undergrndmedia","facebook_url":"https:\/\/www.facebook.com\/ugmedia","pinterest_url":"","tumblr_url":"","youtube_url":"","googleplus_url":"","instagram-id":"","snapchat-id":"","weibo-id":"","popup":false,"email_image":"","favicon":"","show_multiple_currencies":false,"currency_format":"money_with_currency_format","supported_currencies":"INR GBP CAD AUD EUR JPY","default_currency":"USD","checkout_header_image":"","checkout_logo_image":"","checkout_logo_position":"left","checkout_logo_size":"medium","checkout_body_background_image":"","checkout_body_background_color":"#ffffff","checkout_input_background_color_mode":"white","checkout_sidebar_background_image":"","checkout_sidebar_background_color":"#fafafa","checkout_heading_font":"Helvetica Neue","checkout_body_font":"Helvetica Neue","checkout_accent_color":"#c1c1c1","checkout_button_color":"#000000","checkout_error_color":"#ff6d6d","h5-size":"14px","h6-size":"14px","heading-transform":"none","link-decoration":"underline","navigation-transform":"none","email_popup_image":false,"main_nav":"main-menu","megadropdown_link":"","nav_promo_image":false,"nav_promo":"shopify:\/\/shop_images\/slide2_1a52b8ec-7d4f-4072-9e61-09036ce937cd.jpg","nav_promo_link":"\/collections\/all","mega_1_links":"","mega_2_links":"","mega_3_links":"","mega_4_links":"","mega_1_show":false,"mega_2_show":false,"mega_3_show":false,"mega_4_show":false,"pagelist":"","page-sidebar-title":"Sidebar title","show-map":false,"map":"","password_bg":"yes","show_twitter":true,"show_facebook":true,"show_pinterest":true,"show_tumblr":false,"show_youtube":false,"show_googleplus":false,"show_instagram":true,"show_snapchat":true,"show_weibo":false,"show_rss":true,"bg":"no_bg","background-position":"left top","background-repeat":"no-repeat","logo-color":"#000000","homepage-header-pre_scroll_background":"rgba(0,0,0,0)","homepage-header-background":"#ffffff","homepage-pre_scroll_navigation-color":"#000000","homepage-pre_scroll_navigation-color-hover":"#000000","homepage-navigation-color":"#000000","homepage-navigation-color-hover":"#000000","homepage-header-pre_scroll_background-ros":"#ffffff","homepage-header-background-ros":"#ffffff","homepage-pre_scroll_navigation-color-ros":"#000000","homepage-pre_scroll_navigation-color-hover-ros":"#000000","homepage-pre_scroll_navigation-active-ros":"#000000","homepage-navigation-color-ros":"#000000","homepage-navigation-color-hover-ros":"#000000","link_hover_color":"#000000","read-more-background":"#000000","read-more-hover-background":"#000000","read-more-link-color":"#ffffff","read-more-link-hover-color":"#ffffff","icons":"#000000","icons-hover":"#000000","prod-qv-background":"#000000","prod-qv-text":"#ffffff","prod-qv-background-hover":"#000000","prod-qv-text-hover":"#ffffff","footer_title_color":"#000000","footer_link_hover":"#000000","footer_icons_hover_color":"#000000","footer_button_hover":"#000000","footer_button_text_hover":"#ffffff","icon-font-size":"12px","footer_text_align":"left","footer_title_weight":"500","footer_title_transform":"uppercase","footer_title_size":"14px","promo_text_weight":"normal","promo_text_size":18,"announcement_text_size":12,"logo_size":20,"logo_transform":"uppercase","logo_weight":"700","dropdown-transform":"uppercase","dropdown-size":"13px","slide-title-size":22,"slide-title-weight":"700","caption-size":14,"cta_size":13,"cta_weight":"400","topbar_font":"'Helvetica Neue', Helvetica, Arial, sans-serif","logo-font":"'Helvetica Neue', Helvetica, Arial, sans-serif","icon-font":"'Helvetica Neue', Helvetica, Arial, sans-serif","slide-title-font":"'Roboto', sans-serif;","caption-font":"'Roboto', sans-serif;","parallax-font":"'Helvetica Neue', Helvetica, Arial, sans-serif","promo-font":"'Helvetica Neue', Helvetica, Arial, sans-serif","mailchimp":"","show-facebook-like":true,"show_product_sidebar":false,"enable-zoom":true,"thumbnails":"right","product-vendor":false,"show-sku":true,"product-note":"","checkout_use_header_image":false,"checkout_logo":"","checkout_use_body_background_image":false,"checkout_use_sidebar_background_image":false,"all-collections":"","products_per_row":"4","products_per_page":"24","show_collection_sidebar":false,"sticky-sidebar":false,"collection_links_1":false,"collection_side_1":"main-menu","collection_links_2":false,"collection_side_2":"","collection_links_3":false,"collection_side_3":"","collection_links_4":false,"collection_side_4":"","shop_by_designer":false,"shop_by_designer_title":"Shop by Designer","show-twitter-feed":"1","twitter-widget":"","sections":{"header":{"type":"header","settings":{"full_width_header":true,"header_cover":true,"header_border":false,"show_announcement_text":true,"announcement_text":"Add a message for your customers","announcement_text_size":13,"announcement_link":"","cart_position":"header","cart_icon":"bag","logo":"","logo_max_width":180,"logo_align":"center","logo_size":22,"logo_transform":"uppercase","logo_weight":"400","nav_style":"full","main_nav":"main-menu"}},"footer":{"type":"footer","blocks":{"1479846461263":{"type":"menu","settings":{"footer_nav":"footer","title":"Explore"}},"1479499878046":{"type":"newsletter","settings":{"title":"Connect"}},"1500907307864":{"type":"text","settings":{"title":"About","footer_text":"<p>Adding text to your footer helps introduce your business to new customers.<\/p>"}}},"block_order":["1479846461263","1479499878046","1500907307864"],"settings":{"footer_text_align":"left","footer_title_weight":"700","footer_title_transform":"uppercase","footer_title_size":14}},"1478800373635":{"type":"slideshow","blocks":{"1478800373635-0":{"type":"image","settings":{"image":"","heading":"Slide","subheading":"Tell your brand's story through images","slide_text_color":"#000000","link":"","button_text":"Add a button","cta_color":"#ffffff","caption_horizontal":"left","caption_background":"rgba(0,0,0,0)","caption_background_opacity":20}},"1478800373635-1":{"type":"image","settings":{"image":"","heading":"Slide","subheading":"Tell your brand's story through images","slide_text_color":"#000000","link":"","button_text":"Button","cta_color":"#ffffff","caption_horizontal":"left","caption_background":"rgba(0,0,0,0)","caption_background_opacity":20}}},"block_order":["1478800373635-0","1478800373635-1"],"settings":{"slideshow":"content","slider_speed":8,"slide_heading_weight":"700","cta_weight":"400"}},"1478800447615":{"type":"parallax-image","settings":{"image":"","page_height":500,"heading":"Image with text overlay","heading_font_size":26,"heading_font_weight":"700","heading_color":"#000000","subheading":"Use overlay text to give your customers insight into your brand. Select imagery and text that relates to your style and story.","subheading_font_size":16,"subheading_font_weight":"400","subheading_color":"#000","button_text":"Add a button","button_link":"","button_text_color":"#fff","button_color":"#000"}},"1478800534081":{"type":"instagram","settings":{"heading":"Follow us on Instagram","instagram_access_token":"","instagram_heading_color":"#000000","instagram_background_color":"#fff"}},"product-template":{"type":"product-template","settings":{"thumbnails":"left","enable_zoom":true,"show_vendor":false,"show_sku":true,"show_quantity_selector":true,"show_payment_button":false,"show_social_share":true,"product_note":""}},"blog-template":{"type":"blog-template","settings":{"image":"","text":"<p>Add some descriptive text to your all collections page.<\/p>"}},"1479856147659":{"type":"featured-blog","settings":{"blog":"","heading":"From the blog","heading_color":"#000","background_color":"#f6f6f6","post_limit":2}},"password-template":{"type":"password-template","settings":{"logo":""}},"mobile-navigation":{"type":"mobile-navigation","settings":{"main_nav":"main-menu"}},"1501009425332":{"type":"parallax-image","settings":{"image":"","page_height":500,"heading":"Image with text overlay","heading_font_size":26,"heading_font_weight":"700","heading_color":"#000","subheading":"Use overlay text to give your customers insight into your brand. Select imagery and text that relates to your style and story.","subheading_font_size":16,"subheading_font_weight":"400","subheading_color":"#000","button_text":"Add a button","button_link":"","button_text_color":"#fff","button_color":"#000"}},"1518209594527":{"type":"gallery","blocks":{"1518209594527-0":{"type":"image","settings":{"image":"","image_width":"33%","link":"","heading":"Our collections","heading_color":"#000000"}},"1518209594527-1":{"type":"image","settings":{"image":"","image_width":"33%","link":"","heading":"Our collections","heading_color":"#010000"}},"1518209594527-2":{"type":"image","settings":{"image":"","image_width":"33%","link":"","heading":"Our collections","heading_color":"#000000"}}},"block_order":["1518209594527-0","1518209594527-1","1518209594527-2"],"settings":{"promo_background_color":"#ffffff","promo_heading_weight":"light","promo_heading_size":24}},"1518209628906":{"type":"featured-collection","settings":{"heading":"Featured collection","heading_color":"#000","background_color":"#fff","collection":"","homepage_product_layout":"carousel","limit":6,"grid":4}}},"content_for_index":["1478800373635","1518209594527","1478800447615","1518209628906","1501009425332","1479856147659","1478800534081"]},"Yves":{"announcement_bar_background":"#000000","announcement_bar_text_color":"#ffffff","pre_scroll_background":"#ffffff","pre_scroll_navigation":"#000000","pre_scroll_navigation_hover":"#000000","scroll_background":"#ffffff","scroll_navigation_color":"#000000","scroll_navigation_hover":"#000000","background":"#ffffff","header_color":"#000000","text_color":"#000000","link_color":"#000000","sale_color":"#c50000","dotted_color":"#e5e5e5","button_color":"#000000","button_hover":"#000000","button_text":"#ffffff","secondary_button_color":"#e3e3e3","secondary_button_hover":"#b5b5b5","secondary_button_text":"#000","new_background":"#000000","new_color":"#ffffff","sale_icon_background":"#9d0000","sale_icon_color":"#ffffff","so_background":"#000000","so_color":"#ffffff","product_note_color":"#000000","product_note_background":"#f8f8f8","footer_border":"#dddddd","footer_background":"#f5f5f5","footer_text":"#000000","footer_link_color":"#000000","footer_icons_color":"#000000","footer_icons_hover":"#000000","footer_input":"#ffffff","footer_input_text":"#000000","footer_button":"#000000","footer_button_text":"#ffffff","font":"'Lato', sans-serif","headings_font":"'Open Sans', sans-serif","navigation_font":"'Montserrat', sans-serif","font-size":13,"h1-size":22,"h2-size":19,"h3-size":17,"h4-size":16,"h5":15,"nav_size":14,"heading_weight":"700","nav_weight":"400","section_title_border":1,"section_title_align":"center","breadcrumb":true,"image_flip":true,"vendor":true,"quickview":true,"show_payment_button":false,"details_align":"center","max-height":false,"desktop_image_height":"","tablet_image_height":"","mobile_image_height":"","cart_notes_enable":false,"ajax_cart_method":"drawer","twittername":"https:\/\/twitter.com\/undergrndmedia","facebook_url":"https:\/\/www.facebook.com\/ugmedia","pinterest_url":"","tumblr_url":"","youtube_url":"","googleplus_url":"","instagram-id":"","snapchat-id":"","weibo-id":"","popup":false,"email_image":"","favicon":"","show_multiple_currencies":false,"currency_format":"money_with_currency_format","supported_currencies":"INR GBP CAD AUD EUR JPY","default_currency":"USD","checkout_header_image":"","checkout_logo_image":"","checkout_logo_position":"left","checkout_logo_size":"medium","checkout_body_background_image":"","checkout_body_background_color":"#ffffff","checkout_input_background_color_mode":"white","checkout_sidebar_background_image":"","checkout_sidebar_background_color":"#fafafa","checkout_heading_font":"Helvetica Neue","checkout_body_font":"Helvetica Neue","checkout_accent_color":"#c1c1c1","checkout_button_color":"#000000","checkout_error_color":"#ff6d6d","h5-size":"14px","h6-size":"14px","heading-transform":"none","link-decoration":"underline","navigation-transform":"none","email_popup_image":false,"main_nav":"main-menu","megadropdown_link":"","nav_promo_image":false,"nav_promo":"shopify:\/\/shop_images\/slide2_1a52b8ec-7d4f-4072-9e61-09036ce937cd.jpg","nav_promo_link":"\/collections\/all","mega_1_links":"","mega_2_links":"","mega_3_links":"","mega_4_links":"","mega_1_show":false,"mega_2_show":false,"mega_3_show":false,"mega_4_show":false,"pagelist":"","page-sidebar-title":"Sidebar title","show-map":false,"map":"","password_bg":"yes","show_twitter":true,"show_facebook":true,"show_pinterest":true,"show_tumblr":false,"show_youtube":false,"show_googleplus":false,"show_instagram":true,"show_snapchat":true,"show_weibo":false,"show_rss":true,"bg":"no_bg","background-position":"left top","background-repeat":"no-repeat","logo-color":"#000000","homepage-header-pre_scroll_background":"rgba(0,0,0,0)","homepage-header-background":"#ffffff","homepage-pre_scroll_navigation-color":"#000000","homepage-pre_scroll_navigation-color-hover":"#000000","homepage-navigation-color":"#000000","homepage-navigation-color-hover":"#000000","homepage-header-pre_scroll_background-ros":"#ffffff","homepage-header-background-ros":"#ffffff","homepage-pre_scroll_navigation-color-ros":"#000000","homepage-pre_scroll_navigation-color-hover-ros":"#000000","homepage-pre_scroll_navigation-active-ros":"#000000","homepage-navigation-color-ros":"#000000","homepage-navigation-color-hover-ros":"#000000","link_hover_color":"#000000","read-more-background":"#000000","read-more-hover-background":"#000000","read-more-link-color":"#ffffff","read-more-link-hover-color":"#ffffff","icons":"#000000","icons-hover":"#000000","prod-qv-background":"#000000","prod-qv-text":"#ffffff","prod-qv-background-hover":"#000000","prod-qv-text-hover":"#ffffff","footer_title_color":"#000000","footer_link_hover":"#000000","footer_icons_hover_color":"#000000","footer_button_hover":"#000000","footer_button_text_hover":"#ffffff","icon-font-size":"12px","footer_text_align":"left","footer_title_weight":"500","footer_title_transform":"uppercase","footer_title_size":"14px","promo_text_weight":"normal","promo_text_size":18,"announcement_text_size":12,"logo_size":20,"logo_transform":"uppercase","logo_weight":"700","dropdown-transform":"uppercase","dropdown-size":"13px","slide-title-size":22,"slide-title-weight":"700","caption-size":14,"cta_size":13,"cta_weight":"400","topbar_font":"'Helvetica Neue', Helvetica, Arial, sans-serif","logo-font":"'Helvetica Neue', Helvetica, Arial, sans-serif","icon-font":"'Helvetica Neue', Helvetica, Arial, sans-serif","slide-title-font":"'Roboto', sans-serif;","caption-font":"'Roboto', sans-serif;","parallax-font":"'Helvetica Neue', Helvetica, Arial, sans-serif","promo-font":"'Helvetica Neue', Helvetica, Arial, sans-serif","mailchimp":"","show-facebook-like":true,"show_product_sidebar":false,"enable-zoom":true,"thumbnails":"right","product-vendor":false,"show-sku":true,"product-note":"","checkout_use_header_image":false,"checkout_logo":"","checkout_use_body_background_image":false,"checkout_use_sidebar_background_image":false,"all-collections":"","products_per_row":"4","products_per_page":"24","show_collection_sidebar":false,"sticky-sidebar":false,"collection_links_1":false,"collection_side_1":"main-menu","collection_links_2":false,"collection_side_2":"","collection_links_3":false,"collection_side_3":"","collection_links_4":false,"collection_side_4":"","shop_by_designer":false,"shop_by_designer_title":"Shop by Designer","show-twitter-feed":"1","twitter-widget":"","sections":{"header":{"type":"header","settings":{"full_width_header":false,"header_cover":false,"header_border":false,"show_announcement_text":true,"announcement_text":"Add a message for your customers","announcement_text_size":13,"announcement_link":"","cart_position":"header","cart_icon":"cart","logo":"","logo_max_width":180,"logo_align":"left","logo_size":22,"logo_transform":"uppercase","logo_weight":"700","nav_style":"full","main_nav":"main-menu"}},"footer":{"type":"footer","blocks":{"1479846461263":{"type":"menu","settings":{"footer_nav":"footer","title":"Explore"}},"1500907307864":{"type":"text","settings":{"title":"About","footer_text":"<p>Adding text to your footer helps introduce your business to new customers.<\/p>"}},"1479499878046":{"type":"newsletter","settings":{"title":"Connect"}}},"block_order":["1479846461263","1479499878046","1500907307864"],"settings":{"footer_text_align":"left","footer_title_weight":"700","footer_title_transform":"uppercase","footer_title_size":14}},"1478800373635":{"type":"slideshow","blocks":{"1478800373635-0":{"type":"image","settings":{"image":"","heading":"Slide","subheading":"Tell your brand's story through images","slide_text_color":"#000000","link":"","button_text":"Add a button","cta_color":"#ffffff","caption_horizontal":"left","caption_background":"rgba(0,0,0,0)","caption_background_opacity":20}},"1478800373635-1":{"type":"image","settings":{"image":"","heading":"Slide","subheading":"Tell your brand's story through images","slide_text_color":"#000000","link":"","button_text":"Button","cta_color":"#ffffff","caption_horizontal":"left","caption_background":"rgba(0,0,0,0)","caption_background_opacity":20}}},"block_order":["1478800373635-0","1478800373635-1"],"settings":{"slideshow":"content","slider_speed":8,"slide_heading_weight":"700","cta_weight":"400"}},"1478800447615":{"type":"parallax-image","settings":{"image":"","page_height":500,"heading":"Image with text overlay","heading_font_size":26,"heading_font_weight":"700","heading_color":"#000000","subheading":"Use overlay text to give your customers insight into your brand. Select imagery and text that relates to your style and story.","subheading_font_size":16,"subheading_font_weight":"400","subheading_color":"#000","button_text":"Add a button","button_link":"","button_text_color":"#fff","button_color":"#000"}},"1478800534081":{"type":"instagram","settings":{"heading":"Follow us on Instagram","instagram_access_token":"","instagram_heading_color":"#000000","instagram_background_color":"#fff"}},"product-template":{"type":"product-template","settings":{"thumbnails":"left","enable_zoom":true,"show_vendor":false,"show_sku":true,"show_quantity_selector":true,"show_payment_button":false,"show_social_share":true,"product_note":""}},"blog-template":{"type":"blog-template","settings":{"image":"","text":"<p>Add some descriptive text to your all collections page.<\/p>"}},"1479856147659":{"type":"featured-blog","settings":{"blog":"","heading":"From the blog","heading_color":"#000","background_color":"#f6f6f6","post_limit":2}},"password-template":{"type":"password-template","settings":{"logo":""}},"mobile-navigation":{"type":"mobile-navigation","settings":{"main_nav":"main-menu"}},"1501009425332":{"type":"parallax-image","settings":{"image":"","page_height":500,"heading":"Image with text overlay","heading_font_size":26,"heading_font_weight":"700","heading_color":"#000","subheading":"Use overlay text to give your customers insight into your brand. Select imagery and text that relates to your style and story.","subheading_font_size":16,"subheading_font_weight":"400","subheading_color":"#000","button_text":"Add a button","button_link":"","button_text_color":"#fff","button_color":"#000"}},"1518209594527":{"type":"gallery","blocks":{"1518209594527-0":{"type":"image","settings":{"image":"","image_width":"33%","link":"","heading":"Our collections","heading_color":"#000000"}},"1518209594527-1":{"type":"image","settings":{"image":"","image_width":"33%","link":"","heading":"Our collections","heading_color":"#010000"}},"1518209594527-2":{"type":"image","settings":{"image":"","image_width":"33%","link":"","heading":"Our collections","heading_color":"#000000"}}},"block_order":["1518209594527-0","1518209594527-1","1518209594527-2"],"settings":{"promo_background_color":"#ffffff","promo_heading_weight":"light","promo_heading_size":24}},"1518209628906":{"type":"featured-collection","settings":{"heading":"Featured collection","heading_color":"#000","background_color":"#fff","collection":"","homepage_product_layout":"carousel","limit":6,"grid":4}}},"content_for_index":["1478800373635","1518209594527","1478800447615","1518209628906","1501009425332","1479856147659","1478800534081"]}},"current":{"announcement_bar_background":"#000000","announcement_bar_text_color":"#ffffff","pre_scroll_background":"#ffffff","pre_scroll_navigation":"#000000","pre_scroll_navigation_hover":"#000000","scroll_background":"#ffffff","scroll_navigation_color":"#000000","scroll_navigation_hover":"#000000","background":"#ffffff","header_color":"#000000","text_color":"#000000","link_color":"#000000","sale_color":"#c50000","dotted_color":"#e5e5e5","button_color":"#000000","button_hover":"#000000","button_text":"#ffffff","secondary_button_color":"#f8f3f0","secondary_button_hover":"#c2b6ac","secondary_button_text":"#000","new_background":"#ededed","new_color":"#535353","sale_icon_background":"#9d0000","sale_icon_color":"#ffffff","so_background":"#000000","so_color":"#ffffff","product_note_color":"#000000","product_note_background":"#f8f8f8","footer_border":"#dddddd","footer_background":"#ffffff","footer_text":"#000000","footer_link_color":"#000000","footer_icons_color":"#000000","footer_icons_hover":"#000000","footer_input":"#ffffff","footer_input_text":"#000000","footer_button":"#000000","footer_button_text":"#ffffff","font":"'Helvetica Neue', Helvetica, Arial, sans-serif","headings_font":"'Helvetica Neue', Helvetica, Arial, sans-serif","navigation_font":"'Helvetica Neue', Helvetica, Arial, sans-serif","font-size":14,"h1-size":22,"h2-size":18,"h3-size":16,"h4-size":16,"h5":14,"nav_size":14,"heading_weight":"700","nav_weight":"400","section_title_border":0,"section_title_align":"center","breadcrumb":true,"image_flip":true,"vendor":false,"quickview":false,"show_payment_button":true,"details_align":"left","max-height":false,"desktop_image_height":"","tablet_image_height":"","mobile_image_height":"200","cart_notes_enable":false,"ajax_cart_method":"drawer","twittername":"https:\/\/twitter.com\/NAUniforms","facebook_url":"https:\/\/www.facebook.com\/NoelAsmarUniforms\/","pinterest_url":"https:\/\/www.pinterest.ca\/noelasmarunifor\/","tumblr_url":"","youtube_url":"https:\/\/www.youtube.com\/user\/SpaUniforms","googleplus_url":"","instagram-id":"noelasmaruniforms","snapchat-id":"","weibo-id":"","popup":false,"email_image":"","favicon":"","show_multiple_currencies":false,"currency_format":"money_with_currency_format","supported_currencies":"CAD GBP EUR AUD JPY","default_currency":"USD","fabricsFirst":"","fabrics-1":"","fabricsSecond":"","fabrics-2":"","fabricsThird":"","fabrics-3":"","fabricsFourth":"","fabrics-4":"","fabricsFifth":"","fabrics-5":"","fabricsSixth":"","fabrics-6":"","fabricsSeventh":"","fabrics-7":"","fabricsEight":"","fabrics-8":"","fabricsNinth":"","fabrics-9":"","fabricsTenth":"","fabrics-10":"","wiw_video":"https:\/\/www.youtube.com\/embed\/Sk2i4gUXqtQ?rel=0&modestbranding=1&autohide=1&showinfo=0&controls=1","beverly":"https:\/\/www.youtube.com\/embed\/DM35M1J5wSI?rel=0&modestbranding=1&autohide=1&showinfo=0&controls=1","pt_show_refine":true,"pt_show_collection_group":false,"pt_show_clear":true,"pt_show_view_all":true,"pt_show_collection_count":true,"pt_show_show_single_group":true,"pt_scroll_filter_group":true,"pt_show_inactive_filters":false,"pt_force_dropdown":false,"pt_float_filters":"true","pt_refine_text":"","pt_clear_text":"clear","pt_view_all_text":"","pt_tags_text":"Tags","pt_sort_by_text":"Sort By","pt_collection_text":"Collection","pt_search_placeholder_text":"search...","pt_mobile_text":"Filter","pt_show_tags_group":false,"pt_show_tags_grouped":false,"pt_show_sort_by_group":false,"pt_show_sort_by_checkboxes":false,"pt_sort_manual_text":"Featured","pt_sort_price_asc_text":"Price: Low to High","pt_sort_price_desc_text":"Price: High to Low","pt_sort_title_asc_text":"A-Z","pt_sort_title_desc_text":"Z-A","pt_sort_created_asc_text":"Newest Last","pt_sort_created_desc_text":"Newest","pt_sort_best_selling_text":"Best Selling","color_pt_header_text":"#222","color_pt_header_border":"#ddd","color_pt_header_top_border":"rgba(0,0,0,0)","pt_header_size":18,"pt_header_font_override":false,"pt_header_font":"work_sans_n6","pt_header_weight":"600","color_pt_links":"#222","color_pt_links_selected":"#333","color_pt_links_hover":"#444","color_pt_counts_color":"#888","pt_links_size":14,"pt_links_font_override":false,"pt_links_font":"work_sans_n6","pt_links_weight":"300","pt_show_checkboxes":true,"pt_checkbox_style":"2","pt_checkbox_swatch_style":"3","pt_checkbox_primary_color":"#888","pt_checkbox_secondary_color":"#444","pt_checkbox_size":15,"pt_checkbox_size_swatch":25,"pt_checkbox_checkbox_align":"middle","pt_color_swatch_type":"swatch","color_pt_clear_bg":"#eee","color_pt_clear_text":"#222","color_pt_clear_bg_hover":"#ddd","color_pt_clear_text_hover":"#222","color_pt_bg":"rgba(0,0,0,0)","color_pt_bg_border":"rgba(0,0,0,0)","pt_bg_padding":0,"pt_bg_radius":3,"pt_mobile_enable":false,"pt_accordion_enable":true,"pt_accordion_mode":"all","pt_mobile_color":"#222","pt_mobile_max_width":"767px","pt_mobile_vertical":7,"pt_mobile_text_vertical":14,"pt_mobile_font_override":false,"pt_mobile_font":"work_sans_n6","pt_mobile_size":"","pt_mobile_hide_selected":false,"color_pt_small_box_bg":"#ffffff","color_pt_small_box_bg_hover":"#00a5fd","color_pt_small_box_text_hover":"#ffffff","pt_small_box_radius":3,"pt_small_box_border":true,"pt_small_box_shadow":true,"pt_view_more_enable":false,"pt_view_more_count":10,"pt_view_more_text":"View More...","pt_apply_button_enable":true,"pt_apply_button_text":"Apply","pt_apply_button_color":"#000000","pt_apply_button_hover_color":"#000000","pt_apply_button_disabled_color":"#cccccc","pt_ajax_enable":false,"pt_ajax_selector":"#main","pt_ajax_script":";","pt_show_only_on_collections":true,"pt_clear_to_current_collection":true,"pt_filter_padding":6,"pt_temporary_disable":false,"checkout_header_image":"","checkout_logo_image":"shopify:\/\/shop_images\/logo.png","checkout_logo_position":"center","checkout_logo_size":"small","checkout_body_background_image":"","checkout_body_background_color":"#ffffff","checkout_input_background_color_mode":"white","checkout_sidebar_background_image":"","checkout_sidebar_background_color":"#fafafa","checkout_heading_font":"Helvetica Neue","checkout_body_font":"Helvetica Neue","checkout_accent_color":"#000000","checkout_button_color":"#000000","checkout_error_color":"#ff6d6d","video1Link":"https:\/\/youtu.be\/DM35M1J5wSI","video1Title":"Women in Wellness - Skin MD","video1Text":"Women in Wellness - Skin MD","h5-size":"14px","h6-size":"14px","heading-transform":"none","link-decoration":"underline","navigation-transform":"none","email_popup_image":false,"main_nav":"main-menu","megadropdown_link":"","nav_promo_image":false,"nav_promo":"shopify:\/\/shop_images\/slide2_1a52b8ec-7d4f-4072-9e61-09036ce937cd.jpg","nav_promo_link":"\/collections\/all","mega_1_links":"","mega_2_links":"","mega_3_links":"","mega_4_links":"","mega_1_show":false,"mega_2_show":false,"mega_3_show":false,"mega_4_show":false,"pagelist":"","page-sidebar-title":"Sidebar title","show-map":false,"map":"","password_bg":"yes","show_twitter":true,"show_facebook":true,"show_pinterest":true,"show_tumblr":false,"show_youtube":false,"show_googleplus":false,"show_instagram":true,"show_snapchat":true,"show_weibo":false,"show_rss":true,"bg":"no_bg","background-position":"left top","background-repeat":"no-repeat","logo-color":"#000000","homepage-header-pre_scroll_background":"rgba(0,0,0,0)","homepage-header-background":"#ffffff","homepage-pre_scroll_navigation-color":"#000000","homepage-pre_scroll_navigation-color-hover":"#000000","homepage-navigation-color":"#000000","homepage-navigation-color-hover":"#000000","homepage-header-pre_scroll_background-ros":"#ffffff","homepage-header-background-ros":"#ffffff","homepage-pre_scroll_navigation-color-ros":"#000000","homepage-pre_scroll_navigation-color-hover-ros":"#000000","homepage-pre_scroll_navigation-active-ros":"#000000","homepage-navigation-color-ros":"#000000","homepage-navigation-color-hover-ros":"#000000","link_hover_color":"#000000","read-more-background":"#000000","read-more-hover-background":"#000000","read-more-link-color":"#ffffff","read-more-link-hover-color":"#ffffff","icons":"#000000","icons-hover":"#000000","prod-qv-background":"#000000","prod-qv-text":"#ffffff","prod-qv-background-hover":"#000000","prod-qv-text-hover":"#ffffff","footer_title_color":"#000000","footer_link_hover":"#000000","footer_icons_hover_color":"#000000","footer_button_hover":"#000000","footer_button_text_hover":"#ffffff","icon-font-size":"12px","footer_text_align":"left","footer_title_weight":"500","footer_title_transform":"uppercase","footer_title_size":"14px","promo_text_weight":"normal","promo_text_size":18,"announcement_text_size":12,"logo_size":20,"logo_transform":"uppercase","logo_weight":"700","dropdown-transform":"uppercase","dropdown-size":"13px","slide-title-size":22,"slide-title-weight":"700","caption-size":14,"cta_size":13,"cta_weight":"400","topbar_font":"'Helvetica Neue', Helvetica, Arial, sans-serif","logo-font":"'Helvetica Neue', Helvetica, Arial, sans-serif","icon-font":"'Helvetica Neue', Helvetica, Arial, sans-serif","slide-title-font":"'Roboto', sans-serif;","caption-font":"'Roboto', sans-serif;","parallax-font":"'Helvetica Neue', Helvetica, Arial, sans-serif","promo-font":"'Helvetica Neue', Helvetica, Arial, sans-serif","mailchimp":"","show-facebook-like":true,"show_product_sidebar":false,"enable-zoom":true,"thumbnails":"right","product-vendor":false,"show-sku":true,"product-note":"","checkout_use_header_image":false,"checkout_logo":"","checkout_use_body_background_image":false,"checkout_use_sidebar_background_image":false,"all-collections":"","products_per_row":"4","products_per_page":"24","show_collection_sidebar":false,"sticky-sidebar":false,"collection_links_1":false,"collection_side_1":"main-menu","collection_links_2":false,"collection_side_2":"","collection_links_3":false,"collection_side_3":"","collection_links_4":false,"collection_side_4":"","shop_by_designer":false,"shop_by_designer_title":"Shop by Designer","show-twitter-feed":"1","twitter-widget":"","sections":{"header":{"type":"header","settings":{"full_width_header":true,"header_cover":false,"header_border":false,"show_announcement_text":true,"announcement_text":"FREE SHIPPING to Continental US on orders over $100; All Prices in USD","announcement_text_size":12,"announcement_link":"shopify:\/\/pages\/shipping-information","cart_position":"header","cart_icon":"bag","logo":"shopify:\/\/shop_images\/logo.png","logo_max_width":250,"logo_align":"center","logo_size":22,"logo_transform":"uppercase","logo_weight":"700","nav_style":"full","main_nav":"main-menu","main_nav_position":"center"}},"footer":{"type":"footer","blocks":{"1479846461263":{"type":"menu","settings":{"footer_nav":"footer","title":"About"}},"1524173322365":{"type":"menu","settings":{"footer_nav":"customer-service","title":"Customer Service"}},"1524173363087":{"type":"newsletter","settings":{"title":"Subscribe for Updates"}}},"block_order":["1479846461263","1524173322365","1524173363087"],"settings":{"footer_text_align":"left","footer_title_weight":"700","footer_title_transform":"uppercase","footer_title_size":14,"show_credit_cards":true}},"1478800373635":{"type":"slideshow","blocks":{"1543216426947":{"type":"image","settings":{"hero_video":"","image":"shopify:\/\/shop_images\/NAU_Faux-linen.jpg","heading":"","subheading":"","slide_text_color":"#ffffff","link":"shopify:\/\/collections\/resort","button_text":"","cta_color":"#ffffff","caption_horizontal":"center","caption_background":"rgba(0,0,0,0)","caption_background_opacity":10}}},"block_order":["1543216426947"],"settings":{"slideshow":"content","slider_speed":8,"slide_heading_weight":"700","subheading_weight":"700","cta_weight":"400"}},"product-template":{"type":"product-template","settings":{"thumbnails":"right","enable_zoom":true,"show_vendor":false,"show_sku":true,"show_quantity_selector":true,"show_payment_button":true,"show_social_share":false,"product_note":""}},"blog-template":{"type":"blog-template","settings":{"image":"","text":"","blog_sidebar":true,"recent_posts":true,"recent_title":"Recent posts","post_tags":false,"tags_title":"Categories","show_facebook_like":false,"facebook_title":"Connect"}},"password-template":{"type":"password-template","settings":{"text_size":18,"text_color":"#000000","logo":"","logo_width":100,"background_color":"#f5f5f5","background_image":"","show_overlay_color":false,"background_overlay_color":"#f5f5f5","overlay_color_opacity":80,"border_color":"#000000","button_color":"#000000","button_text_color":"#ffffff"}},"mobile-navigation":{"type":"mobile-navigation","settings":{"main_nav":"main-menu"}},"1524170017356":{"type":"slideshow","disabled":true,"blocks":{"1524170017356-0":{"type":"image","settings":{"hero_video":"","image":"shopify:\/\/shop_images\/NAU-salon-collection-testimonial-2018_db5b5e43-c9fb-4520-9730-15eefbb6106c.jpg","heading":"","subheading":"","slide_text_color":"rgba(0,0,0,0)","link":"","button_text":"","cta_color":"rgba(0,0,0,0)","caption_horizontal":"left","caption_background":"rgba(0,0,0,0)","caption_background_opacity":20}}},"block_order":["1524170017356-0"],"settings":{"slideshow":"content","slider_speed":5,"slide_heading_weight":"700","subheading_weight":"700","cta_weight":"400"}},"1524170968298":{"type":"instagram","settings":{"heading":"Instagram","instagram_access_token":"610636839.5ea0515.5625bda7809c4485b0ebd10ad54be0cd","instagram_heading_color":"#000","instagram_background_color":"#fff"}},"collection-page-template":{"type":"collection-page-template","settings":{"products_per_row":3,"products_per_page":30,"show_collection_sidebar":true,"sticky_sidebar":false,"sort_by":false}},"contact-page-template":{"type":"contact-page-template","settings":{"form_position":"right"}},"multi-block-section-our-brand":{"type":"multi-block-section-our-brand","blocks":{"1526157122310":{"type":"hero","settings":{"hero_url":"","hero_desktop_banner":"shopify:\/\/shop_images\/about-1.jpg","hero_tablet_banner":"shopify:\/\/shop_images\/about-1.jpg","hero_mobile_banner":"shopify:\/\/shop_images\/about-1.jpg"}}},"block_order":["1526157122310"],"settings":{}},"accolades":{"type":"accolades","blocks":{"1526157542402":{"type":"accolade","settings":{"text":"<p><strong><em>AMERICAN SPA<\/em><\/strong><\/p>\n<p>Awarded Favourite Spa Uniform Manufacturer by their Professional's Choice Awards for continuing to offer inspirational uniforms and revolutionary ideas that elevate and enhance the health and wellness community through design.<\/p>","image1":"shopify:\/\/shop_images\/awards-9-hover_1024x1024_0dbea804-399f-4754-b3d0-5e58c9628e45.jpg","year1":"2016","image2":"shopify:\/\/shop_images\/awards-8-hover_1024x1024_4e687b46-f0c0-401d-ae73-15e744524f31.jpg","year2":"2015","image3":"shopify:\/\/shop_images\/awards-7-hover_1024x1024_3d9f524c-68d8-4c2d-a535-b1ed287fc1d8.jpg","year3":"2014"}},"1558933736389":{"type":"accolade","settings":{"text":"","image1":"shopify:\/\/shop_images\/2018_American_Spa_Award.png","year1":"2018","image2":"shopify:\/\/shop_images\/2017-American-Spa.png","year2":"2017","image3":"","year3":""}},"1526157775508":{"type":"accolade","settings":{"text":"<p><strong><em>CHATELAINE PROFIT<\/em><\/strong><\/p>\n<p>Celebrating the Top 100 Women in Business in Canada, Noel has continued to move up the list after three consecutive years recognized for her entrepreneurial success and growing businesses across all brand divisions.<\/p>","image1":"shopify:\/\/shop_images\/awards-10-hover_1024x1024_1161c69b-d3f6-456e-994b-4c698860d202.jpg","year1":"2014","image2":"shopify:\/\/shop_images\/awards-11-hover_1024x1024_b18289c4-0725-4cd6-beb8-e3e757168df9.jpg","year2":"2015","image3":"shopify:\/\/shop_images\/awards-12-hover_1024x1024_dc8d0a02-33f1-43a5-ab04-e097ef9a21f6.jpg","year3":"2016"}},"1526157932941":{"type":"accolade","settings":{"text":"<p><em><strong>DAY SPA<\/strong><\/em><\/p>\n<p>On the ten year anniversary of the brand, Noel Asmar Uniforms were proudly selected by readers of DaySpa magazine as their favourite spa uniform provider.<\/p>","image1":"shopify:\/\/shop_images\/awards-13-hover_1024x1024_3741fb61-b9a0-4d20-98ee-36eda87d9a1d.jpg","year1":"2018","image2":"","year2":"2018","image3":"","year3":"2018"}}},"block_order":["1526157542402","1558933736389","1526157775508","1526157932941"],"settings":{"title":"Accolades"}},"1526314801680":{"type":"collection-list","disabled":true,"blocks":{"1526314801680-0":{"type":"featured_collection","settings":{"collection":"industries-spa-beauty-all"}},"1526314801680-1":{"type":"featured_collection","settings":{"collection":"industries-hotel-hospitality-all"}},"1526314801680-2":{"type":"featured_collection","settings":{"collection":"industries-medical-dental-all"}}},"block_order":["1526314801680-0","1526314801680-1","1526314801680-2"],"settings":{"heading":"EXPLORE OUR COLLECTIONS","heading_color":"#000","background_color":"#fff","collection_layout":"grid","grid":3}},"page-section-wiw":{"type":"page-section-wiw","blocks":{"1528409636360":{"type":"hero","settings":{"hero_url":"","hero_desktop_banner":"shopify:\/\/shop_images\/WIW_landing-page-Desktop.jpg","hero_tablet_banner":"shopify:\/\/shop_images\/WIW_landing-page-Desktop.jpg","hero_mobile_banner":"shopify:\/\/shop_images\/WIW_landing-page-Mobile.jpg"}}},"block_order":["1528409636360"],"settings":{}},"page-section-beverly":{"type":"page-section-beverly","blocks":{"1528414677393":{"type":"hero","settings":{"hero_url":"","hero_desktop_banner":"shopify:\/\/shop_images\/WIW_ProjectSkin-landing-page-Desktop.jpg","hero_tablet_banner":"shopify:\/\/shop_images\/WIW_ProjectSkin-landing-page-Desktop.jpg","hero_mobile_banner":"shopify:\/\/shop_images\/WIW_ProjectSkin-landing-page-Mobile.jpg"}}},"block_order":["1528414677393"],"settings":{}},"1531853449850":{"type":"gallery","disabled":true,"blocks":{"1531853449850-0":{"type":"image","settings":{"image":"shopify:\/\/shop_images\/fours.png","image_width":"25%","link":"","heading":"","heading_color":"#ffffff"}},"1531853449850-1":{"type":"image","settings":{"image":"shopify:\/\/shop_images\/starwood.png","image_width":"25%","link":"","heading":"","heading_color":"#ffffff"}},"1531853449850-2":{"type":"image","settings":{"image":"shopify:\/\/shop_images\/ritz.png","image_width":"25%","link":"","heading":"","heading_color":"#ffffff"}},"1531853512385":{"type":"image","settings":{"image":"shopify:\/\/shop_images\/redd.png","image_width":"25%","link":"","heading":"","heading_color":"#ffffff"}}},"block_order":["1531853449850-0","1531853449850-1","1531853449850-2","1531853512385"],"settings":{"promo_background_color":"#fff","promo_heading_weight":"light","promo_heading_size":24}},"filter-menu-settings":{"type":"filter-menu-settings","settings":{}},"collection-sale-template":{"type":"collection-sale-template","settings":{"products_per_row":4,"products_per_page":30,"show_collection_sidebar":true,"sticky_sidebar":false,"sort_by":false}},"1560922354162":{"type":"featured-collection","settings":{"heading":"New Arrivals","heading_color":"#000","background_color":"#fff","collection":"athleisure","homepage_product_layout":"grid","limit":3,"grid":3}},"1560922445319":{"type":"hero","disabled":true,"blocks":{"1561563913767":{"type":"image","settings":{"hero_url":"shopify:\/\/products\/dolce","hero_desktop_banner":"shopify:\/\/shop_images\/NAU-Homepage-Dolce.jpg","hero_tablet_banner":"shopify:\/\/shop_images\/NAU-Homepage-Dolce.jpg","hero_mobile_banner":"shopify:\/\/shop_images\/NAU-Homepage-Dolce.jpg"}}},"block_order":["1561563913767"],"settings":{}},"1560922500623":{"type":"featured-collection","settings":{"heading":"NOEL'S PICKS","heading_color":"#000","background_color":"#fff","collection":"industries-spa-beauty-all","homepage_product_layout":"grid","limit":3,"grid":3}},"1560926442297":{"type":"rich-text-with-image","settings":{"heading":"","rich_text_image":"shopify:\/\/shop_images\/NAU-jada.jpg","image_alignment":"left","heading_color":"#000","background_color":"#fff","rich_text_link":"shopify:\/\/products\/jada","button_text":"Shop Now","rich_text":"<p>The Jada Tunic. A&nbsp;runway inspired silhouette that is chic and clever &mdash; and hardly seems a uniform.&nbsp;<\/p>","page":""}},"1560928566938":{"type":"rich-text-with-image","settings":{"heading":"","rich_text_image":"shopify:\/\/shop_images\/NAU-montego.jpg","image_alignment":"right","heading_color":"#000","background_color":"#fff","rich_text_link":"shopify:\/\/products\/montego","button_text":"Shop Now","rich_text":"<p>The Montego Tunic. Sporty style that stays cool under pressure. Sleeveless, with a zip-front and generous side slits for ease of movement.&nbsp;<\/p>","page":""}},"1561564145278":{"type":"parallax-image","settings":{"image":"shopify:\/\/shop_images\/NAU-CollectionBanners-Tunics.jpg","page_height":400,"heading":"","heading_font_size":26,"heading_font_weight":"400","heading_color":"#000","subheading":"","subheading_font_size":16,"subheading_font_weight":"400","subheading_color":"#000","button_text":"Add a button","button_link":"","button_text_color":"#fff","button_color":"#000"}},"1571777616200":{"type":"rich-text-with-image","settings":{"heading":"","rich_text_image":"shopify:\/\/shop_images\/NAU_HL-Launch-Image.png","image_alignment":"right","heading_color":"#000","background_color":"#fff","rich_text_link":"shopify:\/\/pages\/hospitality-lifecycle","button_text":"Learn More","rich_text":"<p>HOSPITALITY LIFECYCLE IS An initiative to provide hotels and spas access to practical&nbsp;solutions to safely and securely dispose of used uniforms, robes, towels, and sheets through global recycling partners.<\/p>","page":""}}},"content_for_index":["1478800373635","1526314801680","1524170017356","1560922354162","1561564145278","1531853449850","1560922445319","1560922500623","1560928566938","1560926442297","1571777616200","1524170968298"]}}