[{"name":"theme_info","theme_name":"Icon","theme_author":"Underground","theme_version":"6","theme_documentation_url":"https:\/\/\/\/www.weareunderground.com\/products\/icon","theme_support_url":"http:\/\/support.undergroundmedia.co.uk\/"},{"name":"Colors","settings":[{"type":"header","content":"Header"},{"type":"color","id":"announcement_bar_background","label":"Announcement bar background","default":"#000000"},{"type":"color","id":"announcement_bar_text_color","label":"Announcement bar text color","default":"#000000"},{"type":"header","content":"Navigation"},{"type":"color","id":"pre_scroll_background","label":"Pre-scroll background","default":"#000000"},{"type":"color","id":"pre_scroll_navigation","label":"Pre-scroll text","default":"#fff"},{"type":"color","id":"pre_scroll_navigation_hover","label":"Pre-scroll text hover","default":"#fff"},{"type":"color","id":"scroll_background","label":"When scrolling background","default":"#000000"},{"type":"color","id":"scroll_navigation_color","label":"When scrolling text","default":"#fff"},{"type":"color","id":"scroll_navigation_hover","label":"When scrolling link hover","default":"#fff"},{"type":"header","content":"General"},{"type":"color","id":"background","label":"Background","default":"#000000"},{"type":"color","id":"header_color","label":"Headings","default":"#000000"},{"type":"color","id":"text_color","label":"Text","default":"#000000"},{"type":"color","id":"link_color","label":"Links and accents","default":"#000000"},{"type":"color","id":"sale_color","label":"Sale tags","default":"#d5d5d5"},{"type":"color","id":"dotted_color","label":"Borders and lines","default":"#d5d5d5"},{"type":"header","content":"buttons"},{"type":"color","id":"button_color","label":"Primary buttons","default":"#000000"},{"type":"color","id":"button_hover","label":"Primary button hover","default":"#000000"},{"type":"color","id":"button_text","label":"Primary button text","default":"#000000"},{"type":"color","id":"secondary_button_color","label":"Secondary buttons","default":"#ddd"},{"type":"color","id":"secondary_button_hover","label":"Secondary button hover","default":"#999"},{"type":"color","id":"secondary_button_text","label":"Secondary button text","default":"#000"},{"type":"header","content":"Product icons"},{"type":"color","id":"new_background","label":"New icon background","default":"#000000"},{"type":"color","id":"new_color","label":"New icon text","default":"#fff"},{"type":"color","id":"sale_icon_background","label":"Sale icon background","default":"#000000"},{"type":"color","id":"sale_icon_color","label":"Sale icon text","default":"#fff"},{"type":"color","id":"so_background","label":"Sold out icon background","default":"#000000"},{"type":"color","id":"so_color","label":"Sold out icon text","default":"#fff"},{"type":"header","content":"Product page"},{"type":"color","id":"product_note_color","label":"Product note text color","default":"#000000"},{"type":"color","id":"product_note_background","label":"Product note background","default":"#f8f8f8"},{"type":"header","content":"Footer"},{"type":"color","id":"footer_border","label":"Footer border","default":"#ffffff"},{"type":"color","id":"footer_background","label":"Footer background","default":"#ffffff"},{"type":"color","id":"footer_text","label":"Footer text","default":"#ffffff"},{"type":"color","id":"footer_link_color","label":"Footer link color","default":"#ffffff"},{"type":"color","id":"footer_icons_color","label":"Icons","default":"#ffffff"},{"type":"color","id":"footer_icons_hover","label":"Icon hover","default":"#ffffff"},{"type":"color","id":"footer_input","label":"Newsletter input background","default":"#ffffff"},{"type":"color","id":"footer_input_text","label":"Newsletter input text","default":"#ffffff"},{"type":"color","id":"footer_button","label":"Submit button background","default":"#ffffff"},{"type":"color","id":"footer_button_text","label":"Submit button text","default":"#ffffff"}]},{"name":"Typography","settings":[{"type":"header","content":"Font families"},{"type":"select","id":"font","label":"Body text","options":[{"value":"'Century Gothic', Helvetica, Arial, sans-serif","label":"Century Gothic","group":"Sans-serif"},{"value":"'Helvetica Neue', Helvetica, Arial, sans-serif","label":"Helvetica\/Arial","group":"Sans-serif"},{"value":"'Humanist777BT-LightB','Helvetica Neue', Helvetica, Arial, sans-serif","label":"Humanist777BT\/LightB","group":"Sans-serif"},{"value":"Impact, Charcoal, Helvetica, Arial, sans-serif","label":"Impact","group":"Sans-serif"},{"value":"'Lucida Grande', 'Lucida Sans Unicode', 'Lucida Sans', Lucida, Helvetica, Arial, sans-serif","label":"Lucida Grande","group":"Sans-serif"},{"value":"Trebuchet MS, sans-serif","label":"Trebuchet MS","group":"Sans-serif"},{"value":"Verdana, Helvetica, Arial, sans-serif","label":"Verdana","group":"Sans-serif"},{"value":"Garamond, Baskerville, Caslon, serif","label":"Garamond","group":"Serif"},{"value":"Georgia, Utopia, 'Times New Roman', Times, serif","label":"Georgia","group":"Serif"},{"value":"Palatino, 'Palatino Linotype', 'Book Antiqua', serif","label":"Palatino","group":"Serif"},{"value":"'Times New Roman', Times, serif","label":"Times New Roman","group":"Serif"},{"value":"'Courier New', Courier, monospace","label":"Courier New","group":"Monospace"},{"value":"Monaco, 'Lucida Console', 'DejaVu Sans Mono', monospace","label":"Monaco\/Lucida Console","group":"Monospace"},{"value":"'Arvo', serif","label":"Arvo","group":"Google Web Fonts"},{"value":"'Glegoo', serif","label":"Glegoo","group":"Google Web Fonts"},{"value":"'Josefin Sans', sans-serif","label":"Josefin Sans","group":"Google Web Fonts"},{"value":"'Lato', sans-serif","label":"Lato","group":"Google Web Fonts"},{"value":"'Lobster', cursive","label":"Lobster","group":"Google Web Fonts"},{"value":"'Lobster Two', cursive","label":"Lobster Two","group":"Google Web Fonts"},{"value":"'Montserrat', sans-serif","label":"Monserrat","group":"Google Web Fonts"},{"value":"'Noticia Text', serif","label":"Noticia Text","group":"Google Web Fonts"},{"value":"'Open Sans', sans-serif","label":"Open Sans","group":"Google Web Fonts"},{"value":"'Open Sans Condensed', sans-serif","label":"Open Sans Condensed","group":"Google Web Fonts"},{"value":"'Oswald', sans-serif","label":"Oswald","group":"Google Web Fonts"},{"value":"'PT Sans', sans-serif","label":"PT Sans","group":"Google Web Fonts"},{"value":"'PT Sans Narrow', sans-serif","label":"PT Sans Narrow","group":"Google Web Fonts"},{"value":"'Questrial', sans-serif","label":"Questrial","group":"Google Web Fonts"},{"value":"'Raleway', sans-serif","label":"Raleway","group":"Google Web Fonts"},{"value":"'Roboto', sans-serif;","label":"Roboto","group":"Google Web Fonts"},{"value":"'Source Sans Pro', sans-serif","label":"Source Sans","group":"Google Web Fonts"}],"default":"'Helvetica Neue', Helvetica, Arial, sans-serif"},{"type":"select","id":"headings_font","label":"Headings","options":[{"value":"'Century Gothic', Helvetica, Arial, sans-serif","label":"Century Gothic","group":"Sans-serif"},{"value":"'Helvetica Neue', Helvetica, Arial, sans-serif","label":"Helvetica\/Arial","group":"Sans-serif"},{"value":"'Humanist777BT-LightB','Helvetica Neue', Helvetica, Arial, sans-serif","label":"Humanist777BT-LightB","group":"Sans-serif"},{"value":"'Humanist777BT-BlackCondensed','Helvetica Neue', Helvetica, Arial, sans-serif","label":"Humanist777BT-BlackCondensed","group":"Sans-serif"},{"value":"Impact, Charcoal, Helvetica, Arial, sans-serif","label":"Impact","group":"Sans-serif"},{"value":"'Lucida Grande', 'Lucida Sans Unicode', 'Lucida Sans', Lucida, Helvetica, Arial, sans-serif","label":"Lucida Grande","group":"Sans-serif"},{"value":"Trebuchet MS, sans-serif","label":"Trebuchet MS","group":"Sans-serif"},{"value":"Verdana, Helvetica, Arial, sans-serif","label":"Verdana","group":"Sans-serif"},{"value":"Garamond, Baskerville, Caslon, serif","label":"Garamond","group":"Serif"},{"value":"Georgia, Utopia, 'Times New Roman', Times, serif","label":"Georgia","group":"Serif"},{"value":"Palatino, 'Palatino Linotype', 'Book Antiqua', serif","label":"Palatino","group":"Serif"},{"value":"'Times New Roman', Times, serif","label":"Times New Roman","group":"Serif"},{"value":"'Courier New', Courier, monospace","label":"Courier New","group":"Monospace"},{"value":"Monaco, 'Lucida Console', 'DejaVu Sans Mono', monospace","label":"Monaco\/Lucida Console","group":"Monospace"},{"value":"'Arvo', serif","label":"Arvo","group":"Google Web Fonts"},{"value":"'Glegoo', serif","label":"Glegoo","group":"Google Web Fonts"},{"value":"'Josefin Sans', sans-serif","label":"Josefin Sans","group":"Google Web Fonts"},{"value":"'Lato', sans-serif","label":"Lato","group":"Google Web Fonts"},{"value":"'Lobster', cursive","label":"Lobster","group":"Google Web Fonts"},{"value":"'Lobster Two', cursive","label":"Lobster Two","group":"Google Web Fonts"},{"value":"'Montserrat', sans-serif","label":"Monserrat","group":"Google Web Fonts"},{"value":"'Noticia Text', serif","label":"Noticia Text","group":"Google Web Fonts"},{"value":"'Open Sans', sans-serif","label":"Open Sans","group":"Google Web Fonts"},{"value":"'Open Sans Condensed', sans-serif","label":"Open Sans Condensed","group":"Google Web Fonts"},{"value":"'Oswald', sans-serif","label":"Oswald","group":"Google Web Fonts"},{"value":"'PT Sans', sans-serif","label":"PT Sans","group":"Google Web Fonts"},{"value":"'PT Sans Narrow', sans-serif","label":"PT Sans Narrow","group":"Google Web Fonts"},{"value":"'Questrial', sans-serif","label":"Questrial","group":"Google Web Fonts"},{"value":"'Raleway', sans-serif","label":"Raleway","group":"Google Web Fonts"},{"value":"'Roboto', sans-serif;","label":"Roboto","group":"Google Web Fonts"},{"value":"'Source Sans Pro', sans-serif","label":"Source Sans","group":"Google Web Fonts"}],"default":"'Helvetica Neue', Helvetica, Arial, sans-serif"},{"type":"select","id":"navigation_font","label":"Navigation","options":[{"value":"'Century Gothic', Helvetica, Arial, sans-serif","label":"Century Gothic","group":"Sans-serif"},{"value":"'Helvetica Neue', Helvetica, Arial, sans-serif","label":"Helvetica\/Arial","group":"Sans-serif"},{"value":"'Humanist777BT-LightB','Helvetica Neue', Helvetica, Arial, sans-serif","label":"Humanist777BT\/LightB","group":"Sans-serif"},{"value":"Impact, Charcoal, Helvetica, Arial, sans-serif","label":"Impact","group":"Sans-serif"},{"value":"'Lucida Grande', 'Lucida Sans Unicode', 'Lucida Sans', Lucida, Helvetica, Arial, sans-serif","label":"Lucida Grande","group":"Sans-serif"},{"value":"Trebuchet MS, sans-serif","label":"Trebuchet MS","group":"Sans-serif"},{"value":"Verdana, Helvetica, Arial, sans-serif","label":"Verdana","group":"Sans-serif"},{"value":"Garamond, Baskerville, Caslon, serif","label":"Garamond","group":"Serif"},{"value":"Georgia, Utopia, 'Times New Roman', Times, serif","label":"Georgia","group":"Serif"},{"value":"Palatino, 'Palatino Linotype', 'Book Antiqua', serif","label":"Palatino","group":"Serif"},{"value":"'Times New Roman', Times, serif","label":"Times New Roman","group":"Serif"},{"value":"'Courier New', Courier, monospace","label":"Courier New","group":"Monospace"},{"value":"Monaco, 'Lucida Console', 'DejaVu Sans Mono', monospace","label":"Monaco\/Lucida Console","group":"Monospace"},{"value":"'Arvo', serif","label":"Arvo","group":"Google Web Fonts"},{"value":"'Glegoo', serif","label":"Glegoo","group":"Google Web Fonts"},{"value":"'Josefin Sans', sans-serif","label":"Josefin Sans","group":"Google Web Fonts"},{"value":"'Lato', sans-serif","label":"Lato","group":"Google Web Fonts"},{"value":"'Lobster', cursive","label":"Lobster","group":"Google Web Fonts"},{"value":"'Lobster Two', cursive","label":"Lobster Two","group":"Google Web Fonts"},{"value":"'Montserrat', sans-serif","label":"Monserrat","group":"Google Web Fonts"},{"value":"'Noticia Text', serif","label":"Noticia Text","group":"Google Web Fonts"},{"value":"'Open Sans', sans-serif","label":"Open Sans","group":"Google Web Fonts"},{"value":"'Open Sans Condensed', sans-serif","label":"Open Sans Condensed","group":"Google Web Fonts"},{"value":"'Oswald', sans-serif","label":"Oswald","group":"Google Web Fonts"},{"value":"'PT Sans', sans-serif","label":"PT Sans","group":"Google Web Fonts"},{"value":"'PT Sans Narrow', sans-serif","label":"PT Sans Narrow","group":"Google Web Fonts"},{"value":"'Questrial', sans-serif","label":"Questrial","group":"Google Web Fonts"},{"value":"'Raleway', sans-serif","label":"Raleway","group":"Google Web Fonts"},{"value":"'Roboto', sans-serif;","label":"Roboto","group":"Google Web Fonts"},{"value":"'Source Sans Pro', sans-serif","label":"Source Sans","group":"Google Web Fonts"}],"default":"'Helvetica Neue', Helvetica, Arial, sans-serif"},{"type":"header","content":"Sizes"},{"type":"range","id":"font-size","min":12,"max":36,"step":1,"unit":"px","label":"Body text","default":13},{"type":"range","id":"h1-size","min":12,"max":36,"step":1,"unit":"px","label":"H1","default":22},{"type":"range","id":"h2-size","min":12,"max":36,"step":1,"unit":"px","label":"H2","default":19},{"type":"range","id":"h3-size","min":12,"max":36,"step":1,"unit":"px","label":"H3","default":17},{"type":"range","id":"h4-size","min":12,"max":36,"step":1,"unit":"px","label":"H4","default":16},{"type":"range","id":"h5","min":12,"max":36,"step":1,"unit":"px","label":"H5","default":15},{"type":"range","id":"nav_size","min":12,"max":36,"step":1,"unit":"px","label":"Navigation","default":13},{"type":"header","content":"Decoration"},{"type":"select","id":"heading_weight","label":"Heading weight","options":[{"value":"700","label":"Bold"},{"value":"400","label":"Normal"},{"value":"300","label":"Light"}]},{"type":"select","id":"nav_weight","label":"Navigation weight","options":[{"value":"400","label":"Normal"},{"value":"300","label":"Light"},{"value":"700","label":"Bold"}]},{"type":"header","content":"Home page section titles"},{"type":"range","id":"section_title_border","min":0,"max":5,"step":1,"unit":"px","label":"Border size","default":1},{"type":"select","id":"section_title_align","label":"Alignment","options":[{"value":"left","label":"Left"},{"value":"center","label":"Center"},{"value":"right","label":"Right"}]},{"type":"checkbox","id":"breadcrumb","label":"Show breadcrumb navigation"}]},{"name":"Product grid","settings":[{"type":"paragraph","content":"Shared content for global controls where lists of products are visible like home page featured products and collection pages"},{"type":"checkbox","id":"image_flip","label":"Switch product images on hover"},{"type":"checkbox","id":"vendor","label":"Show vendor on product lists"},{"type":"checkbox","id":"quickview","label":"Enable quick view"},{"type":"checkbox","id":"show_payment_button","label":"Show dynamic checkout button","info":"Lets customers check out directly using a familiar payment method. [Learn more](https:\/\/help.shopify.com\/manual\/using-themes\/change-the-layout\/dynamic-checkout)","default":false},{"type":"select","id":"details_align","label":"Product detail text alignment","options":[{"value":"left","label":"Left"},{"value":"center","label":"Center"},{"value":"right","label":"Right"}]},{"type":"checkbox","id":"max-height","label":"Use max height to align images"},{"type":"text","id":"desktop_image_height","label":"Max height px desktop only"},{"type":"text","id":"tablet_image_height","label":"Max height px tablet only"},{"type":"text","id":"mobile_image_height","label":"Max height px mobile only"}]},{"name":"Cart page","settings":[{"type":"checkbox","id":"cart_notes_enable","label":"Enable cart notes"},{"type":"select","id":"ajax_cart_method","label":"Cart type","options":[{"value":"drawer","label":"Drawer"},{"value":"page","label":"Page"}]}]},{"name":"Social media","settings":[{"type":"text","id":"twittername","label":"Twitter","info":"https:\/\/twitter.com\/shopify"},{"type":"text","id":"facebook_url","label":"Facebook","info":"https:\/\/www.facebook.com\/shopify"},{"type":"text","id":"pinterest_url","label":"Pinterest","info":"https:\/\/www.pinterest.com\/shopify"},{"type":"text","id":"tumblr_url","label":"Tumblr","info":"http:\/\/shopify.tumblr.com"},{"type":"text","id":"youtube_url","label":"YouTube","info":"https:\/\/www.youtube.com\/user\/shopify"},{"type":"text","id":"googleplus_url","label":"Goolge+","info":"https:\/\/plus.google.com\/+shopify"},{"type":"text","id":"instagram-id","label":"Instagram ID","info":"shopify"},{"type":"text","id":"snapchat-id","label":"Snapchat ID","info":"shopify"},{"type":"text","id":"weibo-id","label":"Weibo ID","info":"shopify"}]},{"name":"Popup","settings":[{"type":"paragraph","content":"Subscribing customers will be added to your shopify customer accounts page."},{"type":"checkbox","id":"popup","label":"Enable popup","info":"Shows once every 7 days per customer"},{"type":"image_picker","id":"email_image","label":"Email popup image","info":"Max width 480px. For best results, use landscape orientation."}]},{"name":"Favicon","settings":[{"type":"image_picker","id":"favicon","label":"Favicon image","info":"Will be scaled down to 32 x 32px"}]},{"name":"Currency","settings":[{"type":"paragraph","content":"To offer multiple currencies on your online store, you must first [edit your store's currency formatting](https:\/\/help.shopify.com\/themes\/customization\/currencies\/show-multiple-currencies#edit-your-money-formats)."},{"type":"checkbox","id":"show_multiple_currencies","label":"Enable currency conversion","default":true,"info":"Even though prices are displayed in different currencies, orders will still be processed in your store's currency."},{"type":"select","id":"currency_format","label":"Format","options":[{"value":"money_format","label":"Without currency ($10.00)"},{"value":"money_with_currency_format","label":"With currency ($10.00 CAD)"}],"default":"money_with_currency_format"},{"type":"text","id":"supported_currencies","label":"Supported currencies","default":"INR GBP CAD USD AUD EUR JPY","info":"Use the country's ISO [currency code](http:\/\/www.xe.com\/iso4217.php). Separate your currency codes with a space."},{"type":"text","id":"default_currency","label":"Default currency","default":"USD"}]},{"name":"Custom Fabrics Page","settings":[{"type":"text","id":"fabricsFirst","label":"Listed 1st"},{"type":"image","id":"fabrics1.png","label":"Fabric Icon Image"},{"type":"page","id":"fabrics-1","label":"Corresponding Page 1"},{"type":"text","id":"fabricsSecond","label":"Listed 2nd"},{"type":"image","id":"fabrics2.png","label":"Fabric Icon Image"},{"type":"page","id":"fabrics-2","label":"Corresponding Page 2"},{"type":"text","id":"fabricsThird","label":"Listed 3rd"},{"type":"image","id":"fabrics3.png","label":"Fabric Icon Image"},{"type":"page","id":"fabrics-3","label":"Corresponding Page 3"},{"type":"text","id":"fabricsFourth","label":"Listed 4th"},{"type":"image","id":"fabrics4.png","label":"Fabric Icon Image"},{"type":"page","id":"fabrics-4","label":"Corresponding Page 4"},{"type":"text","id":"fabricsFifth","label":"Listed 5th"},{"type":"image","id":"fabrics5.png","label":"Fabric Icon Image"},{"type":"page","id":"fabrics-5","label":"Corresponding Page 5"},{"type":"text","id":"fabricsSixth","label":"Listed 6th"},{"type":"image","id":"fabrics6.png","label":"Fabric Icon Image"},{"type":"page","id":"fabrics-6","label":"Corresponding Page 6"},{"type":"text","id":"fabricsSeventh","label":"Listed 7th"},{"type":"image","id":"fabrics7.png","label":"Fabric Icon Image"},{"type":"page","id":"fabrics-7","label":"Corresponding Page 7"},{"type":"text","id":"fabricsEight","label":"Listed 8th"},{"type":"image","id":"fabrics8.png","label":"Fabric Icon Image"},{"type":"page","id":"fabrics-8","label":"Corresponding Page 8"},{"type":"text","id":"fabricsNinth","label":"Listed 9th"},{"type":"image","id":"fabrics9.png","label":"Fabric Icon Image"},{"type":"page","id":"fabrics-9","label":"Corresponding Page 9"},{"type":"text","id":"fabricsTenth","label":"Listed 10th"},{"type":"image","id":"fabrics10.png","label":"Fabric Icon Image"},{"type":"page","id":"fabrics-10","label":"Corresponding Page 10"}]},{"name":"Campaign Videos","settings":[{"type":"text","id":"wiw_video","label":"Women in Wellness Video"},{"type":"text","id":"beverly","label":"Beverly McGillivray"}]},{"name":"Filter Menu","settings":[{"type":"header","content":"Components"},{"type":"checkbox","id":"pt_show_refine","label":"Show Refine Section","default":true},{"type":"checkbox","id":"pt_show_collection_group","label":"Show Current Collection","default":true},{"type":"checkbox","id":"pt_show_clear","label":"Show Clear buttons","default":true},{"type":"checkbox","id":"pt_show_view_all","label":"Show View All button","default":true},{"type":"checkbox","id":"pt_show_collection_count","label":"Show collection count on All page","default":true},{"type":"header","content":"Options"},{"type":"checkbox","id":"pt_show_show_single_group","label":"Show groups with only one item","default":true},{"type":"checkbox","id":"pt_scroll_filter_group","label":"Scroll each group if too large","default":true},{"type":"checkbox","id":"pt_show_inactive_filters","label":"Show inactive filters (greyed out)","default":false},{"type":"header","content":"Drop Downs"},{"type":"checkbox","id":"pt_force_dropdown","label":"Force all filters to be drop downs","default":false},{"type":"radio","id":"pt_float_filters","label":"Layout","default":"false","options":[{"value":"false","label":"Vertical"},{"value":"true","label":"Horizontal"}]},{"type":"paragraph","content":"Groups will only layout horizontal if there is space, so if the filters are in your sidebar this may not have any effect."},{"type":"header","content":"Text"},{"type":"text","id":"pt_refine_text","label":"Top of menu text","default":"Refine"},{"type":"text","id":"pt_clear_text","label":"Clear filters text","default":"clear"},{"type":"text","id":"pt_view_all_text","label":"View All text","default":"view all"},{"type":"text","id":"pt_tags_text","label":"Tags group text","default":"Tags"},{"type":"text","id":"pt_sort_by_text","label":"Sort group text","default":"Sort By"},{"type":"text","id":"pt_collection_text","label":"Collection group text","default":"Collection"},{"type":"text","id":"pt_search_placeholder_text","label":"Search placeholder text","default":"search..."},{"type":"text","id":"pt_mobile_text","label":"Filter Button Text","default":"Filter"},{"type":"header","content":"Filter By Tags"},{"type":"checkbox","id":"pt_show_tags_group","label":"Show unused\/ungrouped tags as a 'Tags' group","default":false},{"type":"checkbox","id":"pt_show_tags_grouped","label":"Show grouped tags as filters","default":false},{"type":"paragraph","content":"Grouped tags use the format Group Name_Filter Value. e.g. Format_USB, or Compatibility_X Box One X"},{"type":"header","content":"Sort By"},{"type":"checkbox","id":"pt_show_sort_by_group","label":"Show a 'Sort By' group","default":false},{"type":"checkbox","id":"pt_show_sort_by_checkboxes","label":"Show checkboxes on 'Sort By' group","default":false},{"type":"paragraph","content":"Leave empty to hide a sort option"},{"type":"text","id":"pt_sort_manual_text","label":"Manual","default":"Featured"},{"type":"text","id":"pt_sort_price_asc_text","label":"Price Ascending","default":"Price: Low to High"},{"type":"text","id":"pt_sort_price_desc_text","label":"Price Descending","default":"Price: High to Low"},{"type":"text","id":"pt_sort_title_asc_text","label":"A-Z","default":"A-Z"},{"type":"text","id":"pt_sort_title_desc_text","label":"Z-A","default":"Z-A"},{"type":"text","id":"pt_sort_created_asc_text","label":"Newest Last","default":"Newest Last"},{"type":"text","id":"pt_sort_created_desc_text","label":"Newest First","default":"Newest"},{"type":"text","id":"pt_sort_best_selling_text","label":"Best Selling","default":"Best Selling"},{"type":"header","content":"Group Header"},{"type":"color","id":"color_pt_header_text","label":"Text","default":"#222"},{"type":"color","id":"color_pt_header_border","label":"Line Underneath","default":"#DDD"},{"type":"color","id":"color_pt_header_top_border","label":"Line On Top","default":"rgba(0,0,0,0)"},{"type":"range","id":"pt_header_size","label":"Font Size","min":0,"max":35,"step":1,"unit":"px","default":18},{"type":"checkbox","id":"pt_header_font_override","label":"Override theme font","default":false},{"type":"font_picker","id":"pt_header_font","label":"Base Typeface","default":"work_sans_n6"},{"type":"select","id":"pt_header_weight","label":"Font Weight","default":"600","options":[{"value":"100","label":"Light"},{"value":"300","label":"Normal"},{"value":"600","label":"Bold"},{"value":"900","label":"Bolder"}]},{"type":"header","content":"Filter Links"},{"type":"color","id":"color_pt_links","label":"Filters","default":"#222"},{"type":"color","id":"color_pt_links_selected","label":"Selected Filters","default":"#333"},{"type":"color","id":"color_pt_links_hover","label":"Filter Hover","default":"#444"},{"type":"color","id":"color_pt_counts_color","label":"Collection Counts","default":"#888"},{"type":"range","id":"pt_links_size","label":"Font Size","min":8,"max":20,"step":1,"unit":"px","default":14},{"type":"checkbox","id":"pt_links_font_override","label":"Override theme font","default":false},{"type":"font_picker","id":"pt_links_font","label":"Base Typeface","default":"work_sans_n6"},{"type":"select","id":"pt_links_weight","label":"Font Weight","default":"300","options":[{"value":"100","label":"Light"},{"value":"300","label":"Normal"},{"value":"600","label":"Bold"},{"value":"900","label":"Bolder"}]},{"type":"header","content":"Checkboxes"},{"type":"checkbox","id":"pt_show_checkboxes","label":"Show Checkboxes","default":true},{"type":"select","id":"pt_checkbox_style","label":"Checkbox Style","default":"0","options":[{"value":"0","label":"Rounded"},{"value":"1","label":"Square Solid"},{"value":"2","label":"Square Hollow"},{"value":"3","label":"Round Hollow"},{"value":"4","label":"Ticks Solid"},{"value":"5","label":"Crosses Solid"},{"value":"6","label":"Ticks"},{"value":"7","label":"Crosses"},{"value":"8","label":"Crosses (Original Style)"}]},{"type":"select","id":"pt_checkbox_swatch_style","label":"Swatch Checkbox Style","default":"3","options":[{"value":"0","label":"Rounded"},{"value":"1","label":"Square Solid"},{"value":"2","label":"Square Hollow"},{"value":"3","label":"Round Hollow"},{"value":"4","label":"Ticks Solid"},{"value":"5","label":"Crosses Solid"},{"value":"6","label":"Ticks"},{"value":"7","label":"Crosses"},{"value":"8","label":"Crosses (Original Style)"}]},{"type":"color","id":"pt_checkbox_primary_color","label":"Default Color","default":"#888"},{"type":"color","id":"pt_checkbox_secondary_color","label":"Selected Color","default":"#444"},{"type":"range","id":"pt_checkbox_size","label":"Checkbox Size","min":4,"max":30,"step":1,"unit":"px","default":15},{"type":"range","id":"pt_checkbox_size_swatch","label":"Swatch Size","min":4,"max":60,"step":1,"unit":"px","default":25},{"type":"select","id":"pt_checkbox_checkbox_align","label":"Checkbox alignment","default":"middle","options":[{"value":"middle","label":"Middle"},{"value":"top","label":"Top"},{"value":"bottom","label":"Bottom"}]},{"type":"header","content":"Color Swatches"},{"type":"radio","id":"pt_color_swatch_type","label":"Swatch Type","default":"swatch","options":[{"value":"swatch","label":"Swatch only"},{"value":"swatch_text","label":"Swatch plus text"}]},{"type":"header","content":"Clear Button"},{"type":"color","id":"color_pt_clear_bg","label":"Background","default":"#EEE"},{"type":"color","id":"color_pt_clear_text","label":"Text","default":"#222"},{"type":"color","id":"color_pt_clear_bg_hover","label":"Background Hover","default":"#DDD"},{"type":"color","id":"color_pt_clear_text_hover","label":"Text Hover","default":"#222"},{"type":"header","content":"Background Color"},{"type":"color","id":"color_pt_bg","label":"Background Color","default":"rgba(0,0,0,0)"},{"type":"color","id":"color_pt_bg_border","label":"Border Color","default":"rgba(0,0,0,0)"},{"type":"range","id":"pt_bg_padding","label":"Padding","min":0,"max":40,"step":1,"unit":"px","default":0},{"type":"range","id":"pt_bg_radius","label":"Border Radius","min":0,"max":40,"step":1,"unit":"px","default":3},{"type":"header","content":"Accordions"},{"type":"checkbox","id":"pt_mobile_enable","label":"Show Mobile Accordion","default":true},{"type":"checkbox","id":"pt_accordion_enable","label":"Show Desktop Accordion","default":false},{"type":"select","id":"pt_accordion_mode","label":"Desktop Accordion Mode","options":[{"value":"all","label":"Expand All"},{"value":"first","label":"Expand First (Non Selected)"},{"value":"none","label":"Collapse All"}],"default":"all"},{"type":"color","id":"pt_mobile_color","label":"Color","default":"#222"},{"type":"text","id":"pt_mobile_max_width","label":"CSS Max Width For Display","default":"767px"},{"type":"range","id":"pt_mobile_vertical","label":"Vertical Offset","min":0,"max":40,"step":1,"unit":"px","default":7},{"type":"range","id":"pt_mobile_text_vertical","label":"Vertical Offset - Text","min":0,"max":40,"step":1,"unit":"px","default":14},{"type":"checkbox","id":"pt_mobile_font_override","label":"Override theme font","default":false},{"type":"font_picker","id":"pt_mobile_font","label":"Base Typeface","default":"work_sans_n6"},{"type":"select","id":"pt_mobile_size","label":"Filter button size","default":"","options":[{"value":"","label":"Standard"},{"value":"small","label":"Small"},{"value":"xsmall","label":"Extra Small"}]},{"type":"checkbox","id":"pt_mobile_hide_selected","label":"Hide selected filters on mobile","default":false},{"type":"header","content":"Small Box Options"},{"type":"color","id":"color_pt_small_box_bg","label":"Background Color","default":"#FFFFFF"},{"type":"color","id":"color_pt_small_box_bg_hover","label":"Background Hover","default":"#00a5fd"},{"type":"color","id":"color_pt_small_box_text_hover","label":"Text Hover","default":"#FFFFFF"},{"type":"range","id":"pt_small_box_radius","label":"Border Radius","min":0,"max":40,"step":1,"unit":"px","default":3},{"type":"checkbox","id":"pt_small_box_border","label":"Show Border","default":true},{"type":"checkbox","id":"pt_small_box_shadow","label":"Show Shadow","default":true},{"type":"header","content":"View More button"},{"type":"checkbox","id":"pt_view_more_enable","label":"Add View More button","default":false},{"type":"range","id":"pt_view_more_count","label":"Items to display","min":1,"max":50,"step":1,"default":10},{"type":"text","id":"pt_view_more_text","label":"Button Text","default":"View More..."},{"type":"header","content":"'Apply' Filters button"},{"type":"checkbox","id":"pt_apply_button_enable","label":"Add Apply button","default":false},{"type":"text","id":"pt_apply_button_text","label":"Button Text","default":"Apply"},{"type":"color","id":"pt_apply_button_color","label":"Active Color","default":"#0084FF"},{"type":"color","id":"pt_apply_button_hover_color","label":"Hover Color","default":"#0670Cf"},{"type":"color","id":"pt_apply_button_disabled_color","label":"Disabled Color","default":"#CCCCCC"},{"type":"header","content":"Ajax reloading"},{"type":"checkbox","id":"pt_ajax_enable","label":"Enable Ajax reloading","default":false},{"type":"text","id":"pt_ajax_selector","label":"Content selector","default":"#main"},{"type":"paragraph","content":"The content selector is a CSS selector that includes the Filter Menu and products"},{"type":"text","id":"pt_ajax_script","label":"Additional Scripts","default":";"},{"type":"paragraph","content":"Any scripts to run after the Ajax load is complete."},{"type":"header","content":"Advanced Options"},{"type":"checkbox","id":"pt_show_only_on_collections","label":"Show only on collection pages","default":false},{"type":"checkbox","id":"pt_clear_to_current_collection","label":"'Clear All' goes to current collection, not all products","default":false},{"type":"range","id":"pt_filter_padding","label":"Filter spacing","min":0,"max":15,"step":1,"unit":"px","default":6},{"type":"checkbox","id":"pt_temporary_disable","label":"Disable the display of the Filter Menu temporarily","default":false}]}]